"Table 1.1.6. Real Gross Domestic Product, Chained Dollars"
"Table 1.1.6. Real Gross Domestic Product, Chained Dollars"
"Last Revised on: January 25, 2024 - Next Release Date February 28, 2024"
Line,,1979,1979,1979,1979,1980,1980,1980,1980,1981,1981,1981,1981,1982,1982,1982,1982,1983,1983,1983,1983,1984,1984,1984,1984,1985,1985,1985,1985,1986,1986,1986,1986,1987,1987,1987,1987,1988,1988,1988,1988,1989,1989,1989,1989,1990,1990,1990,1990,1991,1991,1991,1991,1992,1992,1992,1992,1993,1993,1993,1993,1994,1994,1994,1994,1995,1995,1995,1995,1996,1996,1996,1996,1997,1997,1997,1997,1998,1998,1998,1998,1999,1999,1999,1999,2000,2000,2000,2000,2001,2001,2001,2001,2002,2002,2002,2002,2003,2003,2003,2003,2004,2004,2004,2004,2005,2005,2005,2005,2006,2006,2006,2006,2007,2007,2007,2007,2008,2008,2008,2008,2009,2009,2009,2009,2010,2010,2010,2010,2011,2011,2011,2011,2012,2012,2012,2012,2013,2013,2013,2013,2014,2014,2014,2014,2015,2015,2015,2015,2016,2016,2016,2016,2017,2017,2017,2017,2018,2018,2018,2018,2019,2019,2019,2019,2020,2020,2020,2020,2021,2021,2021,2021,2022,2022,2022,2022,2023,2023,2023,2023
Line,,Q1,Q2,Q3,Q4,Q1,Q2,Q3,Q4,Q1,Q2,Q3,Q4,Q1,Q2,Q3,Q4,Q1,Q2,Q3,Q4,Q1,Q2,Q3,Q4,Q1,Q2,Q3,Q4,Q1,Q2,Q3,Q4,Q1,Q2,Q3,Q4,Q1,Q2,Q3,Q4,Q1,Q2,Q3,Q4,Q1,Q2,Q3,Q4,Q1,Q2,Q3,Q4,Q1,Q2,Q3,Q4,Q1,Q2,Q3,Q4,Q1,Q2,Q3,Q4,Q1,Q2,Q3,Q4,Q1,Q2,Q3,Q4,Q1,Q2,Q3,Q4,Q1,Q2,Q3,Q4,Q1,Q2,Q3,Q4,Q1,Q2,Q3,Q4,Q1,Q2,Q3,Q4,Q1,Q2,Q3,Q4,Q1,Q2,Q3,Q4,Q1,Q2,Q3,Q4,Q1,Q2,Q3,Q4,Q1,Q2,Q3,Q4,Q1,Q2,Q3,Q4,Q1,Q2,Q3,Q4,Q1,Q2,Q3,Q4,Q1,Q2,Q3,Q4,Q1,Q2,Q3,Q4,Q1,Q2,Q3,Q4,Q1,Q2,Q3,Q4,Q1,Q2,Q3,Q4,Q1,Q2,Q3,Q4,Q1,Q2,Q3,Q4,Q1,Q2,Q3,Q4,Q1,Q2,Q3,Q4,Q1,Q2,Q3,Q4,Q1,Q2,Q3,Q4,Q1,Q2,Q3,Q4,Q1,Q2,Q3,Q4,Q1,Q2,Q3,Q4
1,"        Gross domestic product",7238.7,7246.5,7300.3,7318.5,7341.6,7190.3,7181.7,7315.7,7459.0,7403.7,7492.4,7410.8,7295.6,7328.9,7300.9,7303.8,7400.1,7568.5,7719.7,7880.8,8034.8,8173.7,8252.5,8320.2,8400.8,8474.8,8604.2,8668.2,8749.1,8788.5,8872.6,8920.2,8986.4,9083.3,9162.0,9319.3,9367.5,9490.6,9546.2,9673.4,9771.7,9846.3,9919.2,9938.8,10047.4,10083.9,10090.6,9998.7,9951.9,10029.5,10080.2,10115.3,10236.4,10347.4,10449.7,10558.6,10576.3,10637.8,10688.6,10834.0,10939.1,11087.4,11152.2,11279.9,11320.0,11353.7,11450.3,11528.1,11614.4,11808.1,11914.1,12037.8,12115.5,12317.2,12471.0,12577.5,12703.7,12821.3,12982.8,13191.7,13315.6,13426.7,13604.8,13828.0,13878.1,14130.9,14145.3,14229.8,14183.1,14271.7,14214.5,14253.6,14372.8,14460.8,14519.6,14537.6,14614.1,14743.6,14988.8,15162.8,15248.7,15366.9,15512.6,15670.9,15844.7,15922.8,16047.6,16136.7,16353.8,16396.2,16420.7,16561.9,16611.7,16713.3,16809.6,16915.2,16843.0,16943.3,16854.3,16485.4,16298.3,16269.1,16326.3,16502.8,16582.7,16743.2,16872.3,16960.9,16920.6,17035.1,17031.3,17222.6,17367.0,17444.5,17469.7,17489.9,17662.4,17709.7,17860.5,18016.1,17954.0,18185.9,18406.9,18500.0,18666.6,18782.2,18857.4,18892.2,19001.7,19062.7,19197.9,19304.4,19398.3,19506.9,19660.8,19882.4,20044.1,20150.5,20276.2,20304.9,20415.2,20584.5,20817.6,20951.1,20665.6,19034.8,20511.8,20724.1,20990.5,21309.5,21483.1,21847.6,21738.9,21708.2,21851.1,21990.0,22112.3,22225.4,22490.7,22672.9
2,Personal consumption expenditures,4488.8,4485.9,4529.6,4540.8,4534.3,4432.2,4480.8,4541.4,4556.6,4556.9,4578.0,4546.7,4580.2,4594.1,4624.9,4706.0,4752.5,4849.3,4936.2,5014.9,5056.5,5127.3,5165.4,5232.3,5321.2,5370.0,5472.0,5483.9,5531.8,5592.1,5691.0,5725.8,5731.2,5809.4,5875.6,5888.1,5992.1,6036.4,6090.0,6159.2,6187.8,6216.7,6276.9,6304.2,6357.2,6376.6,6401.8,6353.1,6329.2,6381.7,6413.5,6410.3,6530.3,6574.7,6645.1,6724.3,6750.1,6811.5,6887.3,6947.8,7027.3,7081.9,7135.9,7213.1,7231.0,7294.4,7360.5,7411.9,7480.2,7560.7,7606.5,7667.1,7747.9,7782.8,7915.4,8010.0,8091.0,8233.5,8340.8,8461.3,8548.2,8679.1,8776.7,8905.1,9039.7,9124.2,9211.6,9292.1,9325.8,9344.5,9377.0,9528.3,9549.5,9597.8,9665.0,9718.7,9766.6,9878.4,10018.1,10087.1,10181.1,10236.7,10356.9,10474.1,10540.6,10657.4,10745.9,10765.7,10883.1,10939.5,11009.7,11114.8,11183.3,11212.7,11287.5,11331.9,11316.4,11347.6,11260.1,11158.8,11130.5,11075.7,11150.2,11137.9,11202.5,11303.0,11383.6,11453.4,11497.1,11509.0,11544.0,11563.9,11647.3,11667.8,11691.4,11738.0,11814.3,11848.1,11896.3,12001.0,12044.2,12159.9,12280.1,12421.6,12516.9,12603.1,12691.8,12743.4,12839.6,12903.3,12993.1,13060.1,13160.5,13225.7,13315.4,13460.9,13558.4,13631.0,13693.8,13736.6,13752.6,13862.8,14003.8,14093.9,13862.3,12668.7,13793.9,13982.9,14282.6,14745.6,14848.8,14995.6,14995.2,15069.2,15127.4,15171.4,15312.9,15343.6,15461.4,15569.8
3,"    Goods",---,---,---,---,---,---,---,---,---,---,---,---,---,---,---,---,---,---,---,---,---,---,---,---,---,---,---,---,---,---,---,---,---,---,---,---,---,---,---,---,---,---,---,---,---,---,---,---,---,---,---,---,---,---,---,---,---,---,---,---,---,---,---,---,---,---,---,---,---,---,---,---,---,---,---,---,---,---,---,---,---,---,---,---,---,---,---,---,---,---,---,---,---,---,---,---,---,---,---,---,---,---,---,---,---,---,---,---,---,---,---,---,3397.3,3405.2,3426.7,3433.4,3377.0,3371.9,3301.3,3200.6,3201.5,3180.9,3236.3,3219.0,3243.2,3287.4,3312.1,3358.2,3374.9,3362.5,3363.7,3388.0,3430.9,3430.3,3445.4,3469.9,3533.3,3541.0,3569.9,3605.2,3632.2,3700.5,3742.3,3795.9,3845.0,3886.1,3930.2,3948.6,3990.7,4025.5,4068.5,4094.3,4131.2,4175.1,4226.8,4315.7,4355.3,4365.7,4385.6,4408.2,4417.9,4491.0,4554.8,4575.9,4551.8,4450.2,4939.2,4978.3,5171.7,5351.8,5234.3,5305.6,5289.7,5285.3,5275.7,5275.2,5341.0,5347.3,5411.3,5462.1
4,"        Durable goods",---,---,---,---,---,---,---,---,---,---,---,---,---,---,---,---,---,---,---,---,---,---,---,---,---,---,---,---,---,---,---,---,---,---,---,---,---,---,---,---,---,---,---,---,---,---,---,---,---,---,---,---,---,---,---,---,---,---,---,---,---,---,---,---,---,---,---,---,---,---,---,---,---,---,---,---,---,---,---,---,---,---,---,---,---,---,---,---,---,---,---,---,---,---,---,---,---,---,---,---,---,---,---,---,---,---,---,---,---,---,---,---,969.9,980.1,992.1,999.5,967.2,960.3,927.9,859.6,861.1,854.9,896.4,875.3,886.0,913.9,928.2,954.2,962.6,955.8,964.3,987.4,1011.5,1013.4,1026.6,1049.8,1076.2,1081.5,1091.3,1102.5,1121.0,1162.8,1183.0,1205.8,1228.9,1253.7,1270.1,1278.3,1295.3,1306.3,1339.8,1360.8,1371.7,1389.2,1424.9,1477.8,1496.9,1505.6,1516.4,1518.9,1507.0,1545.2,1580.6,1602.9,1531.7,1530.9,1822.1,1847.5,1966.7,2033.6,1904.3,1955.0,1962.3,1957.8,1962.3,1957.5,2022.5,2020.9,2053.9,2077.1
5,"        Nondurable goods",---,---,---,---,---,---,---,---,---,---,---,---,---,---,---,---,---,---,---,---,---,---,---,---,---,---,---,---,---,---,---,---,---,---,---,---,---,---,---,---,---,---,---,---,---,---,---,---,---,---,---,---,---,---,---,---,---,---,---,---,---,---,---,---,---,---,---,---,---,---,---,---,---,---,---,---,---,---,---,---,---,---,---,---,---,---,---,---,---,---,---,---,---,---,---,---,---,---,---,---,---,---,---,---,---,---,---,---,---,---,---,---,2435.0,2429.9,2437.5,2435.5,2416.6,2420.4,2385.1,2362.3,2361.4,2347.3,2354.7,2362.3,2374.8,2387.9,2396.8,2414.6,2422.7,2417.5,2409.3,2408.7,2426.3,2423.6,2424.8,2424.8,2461.5,2463.7,2482.7,2506.7,2514.7,2540.3,2561.8,2592.4,2618.2,2634.0,2661.6,2671.7,2696.7,2720.4,2729.1,2733.6,2759.5,2785.8,2801.8,2838.1,2858.9,2860.8,2870.0,2889.7,2910.9,2946.1,2975.2,2974.9,3019.0,2919.8,3122.8,3136.7,3212.9,3325.9,3335.0,3356.3,3333.4,3333.4,3319.7,3323.7,3327.8,3335.4,3367.3,3395.4
6,"    Services",---,---,---,---,---,---,---,---,---,---,---,---,---,---,---,---,---,---,---,---,---,---,---,---,---,---,---,---,---,---,---,---,---,---,---,---,---,---,---,---,---,---,---,---,---,---,---,---,---,---,---,---,---,---,---,---,---,---,---,---,---,---,---,---,---,---,---,---,---,---,---,---,---,---,---,---,---,---,---,---,---,---,---,---,---,---,---,---,---,---,---,---,---,---,---,---,---,---,---,---,---,---,---,---,---,---,---,---,---,---,---,---,7785.6,7807.3,7860.9,7900.1,7952.0,7991.3,7984.1,7997.2,7965.7,7931.7,7944.7,7952.2,7992.0,8046.0,8101.9,8121.5,8147.7,8174.9,8210.4,8202.5,8239.8,8262.1,8269.4,8289.8,8296.0,8322.6,8339.9,8408.9,8423.2,8466.5,8544.3,8631.2,8675.8,8719.8,8763.4,8796.5,8850.1,8878.6,8925.0,8966.0,9029.3,9050.5,9088.4,9145.3,9203.4,9265.6,9308.6,9329.1,9335.6,9374.0,9451.5,9519.4,9313.6,8240.0,8884.4,9032.2,9144.9,9429.6,9641.1,9717.9,9733.0,9810.8,9878.2,9922.3,9998.9,10023.1,10078.7,10137.4
7,Gross private domestic investment,1014.6,1013.7,996.6,978.9,972.2,889.6,830.9,908.3,992.4,951.2,1004.9,969.5,877.8,877.1,869.1,801.9,829.7,903.1,959.7,1053.1,1154.8,1192.4,1218.2,1202.4,1169.4,1189.3,1181.2,1224.8,1224.4,1203.0,1170.7,1174.2,1205.9,1206.5,1206.7,1288.9,1227.0,1256.2,1263.2,1282.5,1326.0,1313.2,1301.4,1291.8,1304.6,1305.0,1279.7,1208.1,1167.9,1167.9,1191.0,1233.3,1210.5,1278.9,1289.1,1328.4,1359.8,1367.6,1358.3,1429.7,1484.1,1557.1,1531.7,1594.7,1611.4,1578.0,1568.6,1607.5,1633.3,1711.8,1789.6,1787.2,1823.3,1935.2,1962.1,1990.9,2078.2,2065.3,2119.0,2183.4,2243.5,2244.7,2306.5,2368.0,2351.2,2490.5,2466.4,2471.5,2359.0,2362.7,2311.4,2196.6,2262.1,2298.9,2296.0,2293.7,2312.5,2327.5,2411.6,2493.9,2498.1,2597.5,2638.7,2693.6,2769.3,2733.2,2769.1,2857.4,2899.2,2882.6,2871.6,2818.2,2800.0,2827.0,2794.5,2762.5,2687.0,2641.9,2589.3,2338.9,2073.1,1952.6,1946.9,2128.5,2174.3,2288.5,2390.1,2383.3,2338.9,2434.5,2445.3,2633.8,2692.2,2752.6,2759.9,2736.4,2845.4,2882.5,2999.0,3027.8,2998.1,3121.3,3193.2,3203.4,3314.9,3328.0,3335.3,3315.3,3301.1,3287.0,3301.1,3391.7,3382.7,3435.9,3493.2,3558.9,3612.9,3612.4,3722.2,3724.8,3751.8,3778.2,3818.1,3773.2,3676.6,3145.2,3735.1,3853.1,3820.4,3767.3,3910.8,4159.1,4222.4,4105.5,4024.8,4058.5,3963.7,4014.1,4111.1,4132.1
8,"    Fixed investment",---,---,---,---,---,---,---,---,---,---,---,---,---,---,---,---,---,---,---,---,---,---,---,---,---,---,---,---,---,---,---,---,---,---,---,---,---,---,---,---,---,---,---,---,---,---,---,---,---,---,---,---,---,---,---,---,---,---,---,---,---,---,---,---,---,---,---,---,---,---,---,---,---,---,---,---,---,---,---,---,---,---,---,---,---,---,---,---,---,---,---,---,---,---,---,---,---,---,---,---,---,---,---,---,---,---,---,---,---,---,---,---,2787.0,2800.1,2784.1,2757.4,2714.7,2692.4,2624.4,2451.1,2256.2,2174.4,2182.5,2193.5,2192.7,2272.7,2285.2,2328.8,2325.3,2380.0,2480.4,2544.2,2624.0,2677.2,2681.3,2729.4,2782.6,2811.7,2863.4,2910.2,2946.0,3032.7,3094.5,3137.3,3150.3,3184.5,3220.3,3219.5,3243.2,3267.1,3303.6,3333.7,3376.9,3410.5,3436.6,3516.0,3576.8,3613.8,3623.5,3632.8,3639.8,3706.3,3748.8,3739.0,3708.2,3414.0,3633.6,3764.7,3849.1,3904.3,3888.8,3907.1,3976.0,3974.0,3930.9,3876.5,3905.9,3955.9,3981.3,3998.5
9,"        Nonresidential",---,---,---,---,---,---,---,---,---,---,---,---,---,---,---,---,---,---,---,---,---,---,---,---,---,---,---,---,---,---,---,---,---,---,---,---,---,---,---,---,---,---,---,---,---,---,---,---,---,---,---,---,---,---,---,---,---,---,---,---,---,---,---,---,---,---,---,---,---,---,---,---,---,---,---,---,---,---,---,---,---,---,---,---,---,---,---,---,---,---,---,---,---,---,---,---,---,---,---,---,---,---,---,---,---,---,---,---,---,---,---,---,1940.4,1983.5,2014.6,2045.7,2053.8,2058.0,2019.6,1901.9,1758.6,1705.1,1695.2,1706.6,1718.7,1775.3,1823.7,1859.4,1857.3,1905.7,1995.4,2046.6,2099.3,2146.7,2139.6,2162.9,2196.3,2207.6,2248.2,2302.2,2339.4,2406.4,2458.5,2479.9,2481.1,2498.4,2513.6,2502.5,2504.6,2525.9,2564.0,2584.6,2610.4,2639.8,2665.2,2728.9,2805.3,2837.1,2854.6,2880.4,2895.6,2951.3,2982.7,2970.9,2912.0,2676.9,2791.6,2862.0,2923.9,2992.4,2982.8,3002.7,3080.0,3120.0,3156.3,3170.0,3214.5,3272.7,3284.5,3300.3
10,"            Structures",---,---,---,---,---,---,---,---,---,---,---,---,---,---,---,---,---,---,---,---,---,---,---,---,---,---,---,---,---,---,---,---,---,---,---,---,---,---,---,---,---,---,---,---,---,---,---,---,---,---,---,---,---,---,---,---,---,---,---,---,---,---,---,---,---,---,---,---,---,---,---,---,---,---,---,---,---,---,---,---,---,---,---,---,---,---,---,---,---,---,---,---,---,---,---,---,---,---,---,---,---,---,---,---,---,---,---,---,---,---,---,---,582.4,614.7,644.2,660.7,663.7,674.7,670.6,655.1,606.4,559.9,521.8,477.6,446.0,459.0,452.6,461.6,428.2,458.4,486.1,503.2,527.4,540.3,534.3,524.0,513.0,526.6,552.0,557.4,578.1,598.9,600.8,611.2,604.9,613.4,597.2,577.1,557.4,570.2,592.9,598.4,597.8,599.3,586.4,596.2,631.3,633.9,634.8,616.9,618.6,639.2,665.1,656.5,647.7,570.1,556.9,559.0,569.5,570.9,565.0,553.8,552.1,551.4,549.7,558.4,596.6,619.3,635.9,641.0
11,"            Equipment",---,---,---,---,---,---,---,---,---,---,---,---,---,---,---,---,---,---,---,---,---,---,---,---,---,---,---,---,---,---,---,---,---,---,---,---,---,---,---,---,---,---,---,---,---,---,---,---,---,---,---,---,---,---,---,---,---,---,---,---,---,---,---,---,---,---,---,---,---,---,---,---,---,---,---,---,---,---,---,---,---,---,---,---,---,---,---,---,---,---,---,---,---,---,---,---,---,---,---,---,---,---,---,---,---,---,---,---,---,---,---,---,827.9,839.4,843.6,848.6,844.0,833.8,807.6,713.6,634.1,609.0,624.4,653.3,699.5,745.1,785.2,801.2,821.0,832.3,882.4,902.8,930.9,957.2,954.4,973.4,993.7,995.4,998.0,1038.9,1049.4,1077.7,1111.2,1105.8,1117.4,1122.2,1140.9,1128.4,1125.4,1113.8,1112.6,1118.1,1125.4,1146.8,1165.9,1201.7,1223.0,1225.1,1225.1,1241.2,1245.0,1260.8,1245.4,1215.6,1147.7,1018.5,1128.7,1170.4,1176.2,1205.9,1181.0,1186.5,1233.5,1248.5,1265.5,1249.5,1236.4,1259.6,1245.5,1248.5
12,"            Intellectual property products",---,---,---,---,---,---,---,---,---,---,---,---,---,---,---,---,---,---,---,---,---,---,---,---,---,---,---,---,---,---,---,---,---,---,---,---,---,---,---,---,---,---,---,---,---,---,---,---,---,---,---,---,---,---,---,---,---,---,---,---,---,---,---,---,---,---,---,---,---,---,---,---,---,---,---,---,---,---,---,---,---,---,---,---,---,---,---,---,---,---,---,---,---,---,---,---,---,---,---,---,---,---,---,---,---,---,---,---,---,---,---,---,546.1,549.8,551.7,563.3,573.9,579.5,572.7,568.6,553.1,567.0,572.8,590.2,580.2,577.3,588.5,599.6,605.7,615.6,628.1,642.4,643.8,652.0,653.3,666.1,688.2,685.5,699.8,706.4,713.3,731.4,747.2,764.2,759.6,763.8,775.9,796.9,821.3,841.9,858.9,868.5,887.4,893.7,912.9,931.0,950.8,977.9,994.5,1022.8,1032.8,1052.0,1071.5,1097.8,1114.3,1086.8,1107.6,1135.2,1180.5,1218.9,1239.9,1267.1,1301.8,1329.1,1351.9,1372.1,1384.9,1394.0,1400.4,1407.7
13,"        Residential",---,---,---,---,---,---,---,---,---,---,---,---,---,---,---,---,---,---,---,---,---,---,---,---,---,---,---,---,---,---,---,---,---,---,---,---,---,---,---,---,---,---,---,---,---,---,---,---,---,---,---,---,---,---,---,---,---,---,---,---,---,---,---,---,---,---,---,---,---,---,---,---,---,---,---,---,---,---,---,---,---,---,---,---,---,---,---,---,---,---,---,---,---,---,---,---,---,---,---,---,---,---,---,---,---,---,---,---,---,---,---,---,892.2,857.1,802.6,735.8,677.3,646.6,613.8,554.1,500.3,469.6,491.4,490.4,474.6,499.2,455.0,462.5,461.0,466.2,474.6,486.9,516.3,520.8,534.1,562.0,583.3,603.0,614.0,604.2,601.6,621.4,630.8,653.4,666.3,684.1,705.6,716.6,739.0,741.3,739.3,748.9,766.5,770.8,771.3,787.0,772.1,777.4,770.1,754.6,747.0,757.9,769.1,771.0,796.8,737.3,837.0,893.9,915.0,904.7,898.4,897.3,893.1,859.9,796.3,741.2,731.1,727.1,738.9,740.8
14,"    Change in private inventories",---,---,---,---,---,---,---,---,---,---,---,---,---,---,---,---,---,---,---,---,---,---,---,---,---,---,---,---,---,---,---,---,---,---,---,---,---,---,---,---,---,---,---,---,---,---,---,---,---,---,---,---,---,---,---,---,---,---,---,---,---,---,---,---,---,---,---,---,---,---,---,---,---,---,---,---,---,---,---,---,---,---,---,---,---,---,---,---,---,---,---,---,---,---,---,---,---,---,---,---,---,---,---,---,---,---,---,---,---,---,---,---,29.7,54.9,36.3,31.2,-6.8,-29.6,-14.8,-78.1,-167.7,-219.1,-236.8,-57.5,-6.9,35.3,120.3,68.9,29.1,65.5,-14.9,97.7,77.8,89.5,85.5,24.0,75.9,79.5,137.3,121.4,58.3,92.8,106.0,83.2,169.4,145.3,120.3,99.6,62.4,19.2,-3.7,55.6,7.0,26.0,55.5,42.1,34.1,0.5,92.9,89.8,114.4,74.9,67.1,28.8,-36.8,-274.1,105.7,85.7,-25.8,-138.4,7.3,207.1,197.0,92.7,70.7,151.9,27.2,14.9,77.8,82.7
15,Net exports of goods and services,---,---,---,---,---,---,---,---,---,---,---,---,---,---,---,---,---,---,---,---,---,---,---,---,---,---,---,---,---,---,---,---,---,---,---,---,---,---,---,---,---,---,---,---,---,---,---,---,---,---,---,---,---,---,---,---,---,---,---,---,---,---,---,---,---,---,---,---,---,---,---,---,---,---,---,---,---,---,---,---,---,---,---,---,---,---,---,---,---,---,---,---,---,---,---,---,---,---,---,---,---,---,---,---,---,---,---,---,---,---,---,---,-676.6,-663.6,-623.3,-560.1,-540.1,-463.7,-442.4,-469.0,-397.5,-304.4,-324.0,-328.8,-341.8,-400.8,-426.8,-382.6,-377.1,-352.1,-350.6,-366.7,-353.3,-341.8,-342.0,-316.6,-303.4,-319.5,-318.8,-275.6,-329.7,-339.9,-335.4,-385.3,-443.6,-458.9,-496.2,-507.1,-510.3,-496.3,-479.5,-537.2,-525.1,-544.6,-541.8,-561.9,-558.5,-549.0,-622.4,-644.3,-625.4,-646.5,-633.1,-565.0,-562.0,-553.0,-729.6,-809.1,-863.1,-910.0,-966.5,-995.6,-1141.1,-1116.2,-981.2,-965.6,-935.1,-928.2,-930.7,-908.2
16,"    Exports",337.5,338.4,350.6,372.7,383.1,390.3,389.5,387.1,394.4,396.5,388.1,389.8,372.9,375.1,358.5,342.1,347.6,348.6,353.9,361.0,368.5,377.7,386.0,393.9,394.9,394.1,388.3,399.9,412.5,416.9,426.4,442.4,442.8,461.0,481.0,499.0,526.7,541.4,552.1,569.0,585.9,611.6,617.8,627.2,654.4,662.6,667.6,673.5,677.6,702.3,718.9,735.1,748.4,748.7,764.6,768.4,770.2,779.4,777.3,802.3,810.2,837.6,868.9,889.0,906.1,918.8,958.6,972.2,983.9,999.9,1008.0,1070.9,1091.2,1134.8,1161.1,1159.4,1164.8,1152.0,1146.7,1189.3,1185.4,1200.1,1236.3,1262.7,1280.9,1319.9,1351.6,1338.1,1321.3,1282.5,1216.9,1174.6,1200.2,1236.0,1239.9,1221.6,1217.8,1220.0,1253.3,1309.7,1339.3,1367.4,1371.9,1404.5,1430.8,1462.8,1462.5,1507.8,1569.0,1598.1,1596.0,1656.6,1689.4,1715.0,1768.6,1809.2,1838.0,1892.0,1883.6,1772.8,1631.3,1642.0,1702.7,1796.5,1836.9,1877.3,1931.0,1983.8,2000.8,2034.7,2062.7,2078.4,2103.7,2124.5,2137.5,2139.5,2150.6,2170.1,2188.7,2251.8,2230.2,2278.4,2287.8,2306.7,2288.5,2294.6,2276.1,2273.0,2266.5,2284.1,2321.1,2303.8,2359.9,2367.9,2381.8,2443.5,2459.3,2472.7,2441.8,2451.9,2478.2,2460.8,2464.2,2472.7,2371.4,1868.2,2107.6,2232.1,2237.0,2248.1,2256.4,2382.0,2354.1,2414.1,2506.2,2484.1,2525.4,2464.7,2497.3,2535.6
17,"        Goods",---,---,---,---,---,---,---,---,---,---,---,---,---,---,---,---,---,---,---,---,---,---,---,---,---,---,---,---,---,---,---,---,---,---,---,---,---,---,---,---,---,---,---,---,---,---,---,---,---,---,---,---,---,---,---,---,---,---,---,---,---,---,---,---,---,---,---,---,---,---,---,---,---,---,---,---,---,---,---,---,---,---,---,---,---,---,---,---,---,---,---,---,---,---,---,---,---,---,---,---,---,---,---,---,---,---,---,---,---,---,---,---,1113.2,1128.9,1159.8,1184.8,1207.3,1248.6,1249.6,1150.5,1030.5,1024.8,1075.1,1149.6,1183.3,1217.5,1246.3,1282.7,1296.4,1316.0,1328.4,1357.2,1363.8,1380.5,1388.7,1374.5,1383.7,1405.2,1412.8,1467.3,1441.7,1479.6,1494.4,1506.8,1478.2,1487.6,1472.7,1464.2,1471.6,1471.5,1498.2,1499.6,1532.4,1528.3,1534.9,1591.0,1598.4,1633.5,1600.8,1615.8,1634.2,1598.6,1610.7,1615.9,1598.4,1212.8,1454.0,1545.1,1544.5,1542.7,1535.7,1629.9,1593.0,1628.4,1709.7,1682.0,1730.5,1656.8,1687.7,1707.2
18,"        Services",---,---,---,---,---,---,---,---,---,---,---,---,---,---,---,---,---,---,---,---,---,---,---,---,---,---,---,---,---,---,---,---,---,---,---,---,---,---,---,---,---,---,---,---,---,---,---,---,---,---,---,---,---,---,---,---,---,---,---,---,---,---,---,---,---,---,---,---,---,---,---,---,---,---,---,---,---,---,---,---,---,---,---,---,---,---,---,---,---,---,---,---,---,---,---,---,---,---,---,---,---,---,---,---,---,---,---,---,---,---,---,---,571.9,582.0,605.5,621.3,626.8,638.0,627.3,621.9,605.7,624.6,633.0,649.8,655.1,659.8,685.7,701.7,704.4,719.2,736.3,718.9,739.8,743.2,748.0,767.5,768.9,765.1,776.8,783.1,789.0,798.3,791.7,798.3,810.4,806.8,803.4,809.2,795.0,812.5,822.9,804.2,827.5,839.5,846.9,852.5,860.9,838.9,841.0,836.1,844.1,861.8,853.4,856.6,774.9,653.4,657.8,691.3,695.9,708.2,723.5,754.8,764.8,790.0,799.6,805.6,798.5,810.7,812.8,831.5
19,"    Imports",389.5,391.6,385.6,394.0,394.3,365.6,339.3,357.5,372.8,373.3,369.1,379.6,368.8,362.8,379.6,364.7,373.0,401.7,433.0,454.3,490.8,511.3,524.6,539.9,528.0,554.0,548.6,570.1,569.5,593.8,610.2,615.0,611.3,626.6,638.9,653.5,650.5,643.0,658.1,678.2,681.4,684.6,683.7,696.0,718.1,716.9,714.0,694.8,686.9,699.1,718.8,734.7,740.0,752.2,764.0,782.3,799.3,815.8,826.5,859.7,879.8,912.6,938.2,964.6,985.8,995.1,998.6,1011.3,1044.2,1067.6,1102.2,1123.9,1171.9,1211.2,1255.9,1283.0,1331.1,1361.6,1380.0,1424.7,1464.9,1507.0,1561.5,1601.4,1661.9,1714.8,1776.5,1779.1,1756.1,1699.9,1661.4,1644.2,1690.9,1747.5,1769.8,1801.5,1793.7,1819.8,1848.3,1907.0,1960.5,2037.7,2065.9,2114.1,2132.3,2160.8,2172.9,2243.0,2289.1,2311.9,2335.0,2332.0,2366.0,2378.6,2391.9,2369.3,2378.2,2355.7,2325.9,2241.8,2028.7,1946.4,2026.7,2125.3,2178.7,2278.1,2357.8,2366.4,2378.0,2386.9,2413.3,2445.0,2457.1,2466.2,2479.5,2456.1,2454.0,2489.6,2507.5,2527.3,2559.9,2618.2,2623.2,2692.0,2732.1,2753.5,2772.3,2780.1,2776.8,2780.4,2800.7,2841.0,2885.0,2912.4,2923.6,3005.4,3017.8,3021.7,3064.2,3096.2,3103.6,3107.3,3097.3,3037.7,2933.5,2421.1,2837.2,3041.2,3100.0,3158.1,3223.0,3377.6,3495.2,3530.3,3487.4,3449.6,3460.5,3392.9,3428.0,3443.8
20,"        Goods",---,---,---,---,---,---,---,---,---,---,---,---,---,---,---,---,---,---,---,---,---,---,---,---,---,---,---,---,---,---,---,---,---,---,---,---,---,---,---,---,---,---,---,---,---,---,---,---,---,---,---,---,---,---,---,---,---,---,---,---,---,---,---,---,---,---,---,---,---,---,---,---,---,---,---,---,---,---,---,---,---,---,---,---,---,---,---,---,---,---,---,---,---,---,---,---,---,---,---,---,---,---,---,---,---,---,---,---,---,---,---,---,1922.6,1930.9,1937.9,1918.6,1917.1,1901.0,1865.5,1774.2,1576.7,1496.3,1570.8,1660.2,1711.2,1805.4,1873.5,1883.2,1901.3,1900.6,1919.9,1952.6,1963.1,1969.7,1982.1,1963.0,1972.6,2005.0,2022.2,2036.3,2061.4,2119.1,2124.4,2178.4,2226.4,2243.3,2254.6,2249.9,2249.7,2251.3,2262.9,2309.6,2338.1,2356.3,2348.7,2436.5,2461.4,2466.7,2510.4,2527.7,2521.4,2524.9,2516.6,2458.5,2397.6,2024.4,2420.9,2589.2,2643.5,2670.2,2680.1,2813.7,2910.4,2925.6,2870.3,2838.6,2851.6,2804.3,2844.7,2850.1
21,"        Services",---,---,---,---,---,---,---,---,---,---,---,---,---,---,---,---,---,---,---,---,---,---,---,---,---,---,---,---,---,---,---,---,---,---,---,---,---,---,---,---,---,---,---,---,---,---,---,---,---,---,---,---,---,---,---,---,---,---,---,---,---,---,---,---,---,---,---,---,---,---,---,---,---,---,---,---,---,---,---,---,---,---,---,---,---,---,---,---,---,---,---,---,---,---,---,---,---,---,---,---,---,---,---,---,---,---,---,---,---,---,---,---,440.6,445.3,452.2,448.9,460.9,453.9,463.1,476.0,464.0,463.7,468.7,476.6,477.9,480.7,491.7,490.1,481.6,492.7,500.4,497.6,499.1,501.8,502.4,498.2,484.2,486.7,486.9,492.9,500.6,499.5,499.1,514.3,505.3,509.9,517.6,530.5,527.2,529.0,537.8,531.3,546.9,556.2,574.8,568.9,556.3,555.0,553.7,568.5,582.1,582.4,580.6,578.3,535.6,398.9,421.8,457.3,462.0,492.2,545.4,566.7,587.6,607.5,619.5,613.4,611.5,591.8,587.6,597.4
22,Government consumption expenditures and gross investment,1802.2,1819.7,1825.0,1837.0,1864.0,1867.7,1842.2,1841.8,1866.5,1870.1,1863.6,1887.3,1885.2,1892.4,1907.5,1936.9,1955.6,1971.7,2005.7,1973.6,1994.5,2037.8,2054.3,2097.4,2120.3,2167.3,2216.7,2225.9,2243.5,2290.2,2340.1,2330.4,2344.1,2362.3,2364.8,2400.2,2380.2,2387.3,2387.6,2433.9,2423.2,2460.4,2482.6,2495.0,2534.9,2538.9,2543.0,2560.0,2575.2,2585.7,2578.5,2559.6,2582.3,2577.3,2593.7,2593.4,2561.2,2561.5,2565.1,2574.2,2542.3,2554.9,2598.0,2575.4,2584.4,2593.1,2586.3,2559.2,2576.1,2608.2,2608.2,2626.2,2612.6,2646.4,2658.7,2672.0,2662.4,2709.1,2729.5,2745.6,2765.0,2775.0,2808.4,2852.1,2831.9,2859.8,2847.8,2865.2,2910.0,2960.5,2957.6,3006.6,3059.3,3082.8,3098.6,3121.4,3124.1,3152.7,3159.9,3178.9,3193.3,3201.8,3207.8,3205.8,3221.7,3219.8,3230.4,3232.9,3273.9,3272.7,3267.7,3294.6,3299.1,3329.1,3344.2,3371.0,3378.7,3407.8,3435.1,3458.8,3498.1,3549.0,3558.5,3565.2,3549.8,3560.6,3535.4,3512.9,3469.8,3446.1,3396.9,3394.6,3380.2,3362.3,3357.2,3324.1,3293.1,3288.9,3272.8,3247.6,3233.6,3238.0,3259.9,3257.5,3277.2,3309.3,3326.8,3341.1,3371.6,3369.0,3383.7,3389.6,3380.2,3389.8,3394.0,3424.5,3431.7,3456.3,3483.6,3488.4,3535.4,3588.9,3629.0,3652.1,3691.9,3768.9,3709.7,3691.5,3743.1,3701.8,3688.2,3685.8,3658.8,3641.2,3667.0,3714.8,3758.8,3789.8,3843.4,3874.4
23,"    Federal",---,---,---,---,---,---,---,---,---,---,---,---,---,---,---,---,---,---,---,---,---,---,---,---,---,---,---,---,---,---,---,---,---,---,---,---,---,---,---,---,---,---,---,---,---,---,---,---,---,---,---,---,---,---,---,---,---,---,---,---,---,---,---,---,---,---,---,---,---,---,---,---,---,---,---,---,---,---,---,---,---,---,---,---,---,---,---,---,---,---,---,---,---,---,---,---,---,---,---,---,---,---,---,---,---,---,---,---,---,---,---,---,1185.5,1205.0,1215.5,1235.8,1254.6,1281.4,1298.0,1314.9,1332.3,1363.9,1376.4,1396.9,1412.5,1431.0,1424.5,1422.3,1402.2,1396.8,1366.4,1371.5,1371.4,1360.5,1363.3,1336.2,1306.0,1295.9,1277.8,1256.0,1254.9,1247.7,1262.1,1243.1,1248.0,1251.9,1250.8,1260.2,1261.1,1254.8,1261.4,1262.5,1257.2,1263.9,1263.1,1280.0,1293.0,1302.3,1319.1,1325.3,1336.2,1354.7,1373.2,1376.4,1393.8,1493.5,1445.2,1438.1,1499.1,1464.8,1439.1,1446.5,1420.9,1406.9,1411.2,1444.5,1462.8,1466.9,1492.3,1501.6
24,"        National defense",---,---,---,---,---,---,---,---,---,---,---,---,---,---,---,---,---,---,---,---,---,---,---,---,---,---,---,---,---,---,---,---,---,---,---,---,---,---,---,---,---,---,---,---,---,---,---,---,---,---,---,---,---,---,---,---,---,---,---,---,---,---,---,---,---,---,---,---,---,---,---,---,---,---,---,---,---,---,---,---,---,---,---,---,---,---,---,---,---,---,---,---,---,---,---,---,---,---,---,---,---,---,---,---,---,---,---,---,---,---,---,---,752.6,769.6,774.5,788.4,801.3,815.8,834.3,846.8,849.4,871.3,878.0,887.9,892.9,899.2,897.4,899.7,883.2,886.9,874.8,867.3,861.7,851.1,853.3,826.7,806.7,802.3,786.5,774.0,764.4,759.7,769.7,747.8,745.6,747.5,740.3,746.0,743.2,735.8,743.3,742.2,739.1,749.8,746.8,757.5,760.2,767.2,779.3,791.8,809.4,807.7,820.9,825.6,833.5,835.3,834.5,852.0,836.3,826.3,819.7,809.7,795.3,797.1,796.6,811.5,815.4,820.1,836.8,838.6
25,"        Nondefense",---,---,---,---,---,---,---,---,---,---,---,---,---,---,---,---,---,---,---,---,---,---,---,---,---,---,---,---,---,---,---,---,---,---,---,---,---,---,---,---,---,---,---,---,---,---,---,---,---,---,---,---,---,---,---,---,---,---,---,---,---,---,---,---,---,---,---,---,---,---,---,---,---,---,---,---,---,---,---,---,---,---,---,---,---,---,---,---,---,---,---,---,---,---,---,---,---,---,---,---,---,---,---,---,---,---,---,---,---,---,---,---,431.8,434.1,439.8,446.2,452.0,464.4,462.1,466.4,481.5,491.2,497.0,507.7,518.5,530.7,525.9,521.3,517.8,508.5,490.1,503.0,508.8,508.5,509.1,508.9,498.7,493.0,490.8,481.5,490.2,487.7,492.0,495.1,502.3,504.3,510.4,514.2,517.9,519.0,518.1,520.3,518.1,514.1,516.3,522.5,532.8,535.2,539.8,533.6,527.0,547.0,552.3,550.8,560.3,657.9,610.6,586.1,662.7,638.3,619.3,636.8,625.6,609.6,614.5,633.0,647.4,646.7,655.5,662.9
26,"    State and local",---,---,---,---,---,---,---,---,---,---,---,---,---,---,---,---,---,---,---,---,---,---,---,---,---,---,---,---,---,---,---,---,---,---,---,---,---,---,---,---,---,---,---,---,---,---,---,---,---,---,---,---,---,---,---,---,---,---,---,---,---,---,---,---,---,---,---,---,---,---,---,---,---,---,---,---,---,---,---,---,---,---,---,---,---,---,---,---,---,---,---,---,---,---,---,---,---,---,---,---,---,---,---,---,---,---,---,---,---,---,---,---,2120.6,2130.6,2134.9,2140.6,2128.8,2130.3,2140.8,2147.4,2169.1,2187.9,2184.6,2169.8,2137.8,2129.5,2110.6,2090.2,2067.3,2048.8,2030.4,2022.8,2008.2,2001.4,1993.4,1987.8,1987.2,1993.1,1995.1,1991.6,1978.8,1990.3,1997.9,2014.4,2029.1,2057.3,2075.9,2080.8,2110.5,2114.2,2122.3,2127.2,2123.1,2125.9,2130.9,2144.5,2138.7,2154.0,2164.7,2163.2,2199.3,2234.3,2256.0,2275.6,2298.0,2277.1,2265.5,2254.5,2247.0,2239.2,2250.1,2240.9,2238.4,2234.1,2255.1,2270.8,2296.5,2323.0,2351.4,2373.0
27,Residual,-14.9,-19.7,-15.9,-16.9,-17.8,-23.8,-22.3,-5.4,22.0,2.3,26.9,-2.9,-51.7,-47.1,-79.6,-118.4,-112.2,-102.5,-102.7,-67.5,-48.7,-50.2,-46.9,-65.8,-76.9,-92.0,-105.5,-96.2,-93.5,-120.0,-145.4,-137.7,-126.3,-129.3,-127.2,-103.3,-108.0,-87.8,-88.5,-93.0,-69.9,-71.1,-75.8,-83.3,-85.7,-82.3,-87.5,-101.1,-111.1,-108.9,-102.9,-88.2,-95.0,-80.0,-78.8,-73.6,-65.7,-66.3,-72.8,-60.2,-45.0,-31.6,-44.1,-27.6,-27.2,-35.4,-25.1,-11.5,-15.0,-5.0,4.0,10.3,12.5,29.3,29.7,28.2,38.4,23.2,26.7,36.7,38.3,34.8,38.3,41.4,36.2,51.3,44.5,42.0,23.3,21.5,13.0,-8.3,-7.5,-7.1,-10.0,-16.3,-13.1,-15.2,-5.8,0.2,-2.7,1.2,3.2,6.9,14.6,10.3,12.6,16.0,17.8,15.2,10.7,9.7,-84.1,-88.9,-83.8,-73.5,-82.9,-75.9,-78.2,-129.9,-111.8,-90.8,-71.5,-69.2,-62.0,-71.2,-57.2,-45.6,-43.5,-37.2,-48.6,-28.0,-26.9,-27.4,-20.6,-28.2,-14.0,-15.1,-7.6,1.2,-7.7,-2.9,-0.5,-16.8,-7.8,-4.3,-8.1,-6.8,-7.2,-1.8,-0.1,2.2,-1.3,-0.4,1.3,0.4,0.3,-3.4,2.5,-2.5,-6.6,-7.6,-4.0,-3.5,-0.4,-7.9,-33.1,-19.0,-30.2,-34.0,-11.8,15.0,13.5,-1.6,-28.9,-37.3,-38.2,-30.3,-19.5,-23.6

Legend/Footnotes
"Note. Chained (2017) dollar series are calculated as the product of the chain-type quantity index and the 2017 current-dollar value of the corresponding series, divided by 100. Because the formula for the chain-type quantity indexes uses weights of more than one period, the corresponding chained-dollar estimates are usually not additive. The residual line is the difference between the first line and the sum of the most detailed lines."
